Unit,Symptom,Frequency,Percentage
1-3,a,1223,0.187031656
1-3,b,174,0.026609573
1-3,c,662,0.101238722
1-3,d,1546,0.236427588
1-3,e,2934,0.448692461
4-6,a,667,0.182041485
4-6,b,92,0.02510917
4-6,c,369,0.100709607
4-6,d,830,0.226528384
4-6,e,1706,0.465611354
7-9,a,56,0.16519174
7-9,b,4,0.01179941
7-9,c,36,0.10619469
7-9,d,83,0.244837758
7-9,e,160,0.471976401
>=10,a,159,0.202806122
>=10,b,20,0.025510204
>=10,c,72,0.091836735
>=10,d,153,0.195153061
>=10,e,380,0.484693878
