City,Symptom,Frequency,Percentage
Urban,a,1694,0.175434963
Urban,b,237,0.024544325
Urban,c,954,0.098798674
Urban,d,2250,0.233015742
Urban,e,4521,0.468206297
Rural,a,411,0.246107784
Rural,b,53,0.031736527
Rural,c,185,0.110778443
Rural,d,362,0.216766467
Rural,e,659,0.394610778
